Correlation,Country Code,Index
0.7733982354108521,KP,economicVolatility
0.7646826095165828,KP,creditEasyVsTight
0.7602807890988837,KP,stress
0.7530873161312398,KP,tradeBalance
0.744284492577522,JP,trust
0.6928548326106845,JP,sentiment
0.6843717170925608,EG,socialInequality
0.6791606045135482,CN,economicGrowth
0.6791060093586441,EG,residentialRealEstateGrowth
0.6783374147182386,JP,economicGrowth
