Correlation,Country Code,Index
0.699275185102025,RU,centralBank
0.6782395592916362,CH,gloom
0.6775311067270747,KP,tradeBalance
0.6671490755491493,KP,creditEasyVsTight
0.667029422757867,KP,economicVolatility
0.6562936690941514,ZA,economicGrowth
0.6550984020895219,JP,optimism
0.6409334859794846,LY,marketRisk
0.6273468363371099,RU,businessExpansion
0.626729499653445,DE,stress
