Correlation,Country Code,Index
-0.6584759812659318,IL,inflationForecast
-0.6434047831344498,DE,sentiment
-0.6004669701163869,CN,creditEasyVsTight
-0.5972574739732056,IQ,tradeBalance
-0.5930882844994173,CH,conflict
-0.5911904640514575,DE,socialInequality
-0.5784263174559429,MX,violence
-0.5703436412748429,IN,timeUrgency
-0.5635182541113326,GB,gloom
-0.5619971852011366,IR,gloom
