Correlation,Country Code,Index
0.6824942687733049,CH,gloom
0.6727456687996611,KP,stress
0.6374308207661294,KP,tradeBalance
0.6257125760592582,KP,economicVolatility
0.6183576126311029,KP,creditEasyVsTight
0.6074177106048053,MX,economicGrowth
0.6034767855492141,JP,trust
0.5697019781500114,JP,sentiment
0.569572437320085,LY,regimeChange
0.5657376722409772,CN,economicGrowth
