Correlation,Country Code,Index
0.8778153871026841,KP,KP-sentiment
0.8340783294709398,GB,GB-tradeBalance
0.7856312429135481,JP,JP-timeUrgency
0.7704100950386117,EG,EG-interestRates
0.7486834057897358,DE,DE-sentiment
0.7350493828914855,IL,IL-economicVolatility
0.7278201335708886,IL,IL-sentiment
0.7123236986458775,DE,DE-socialUnrest
0.7114367868637331,RU,RU-emotionVsFact
0.7014114905686386,CL,CL-socialUnrest
