Correlation,Country Code,Index
-0.7911947445728635,AU,AU-joy
-0.7627472751442707,BR,BR-sentiment
-0.7587154437130885,IL,IL-stress
-0.7366431029067586,IL,IL-socialUnrest
-0.7331991752461521,IQ,IQ-loveHate
-0.722889099595586,RU,RU-socialUnrest
-0.7077409017996328,RU,RU-governmentInstability
-0.6987220252223186,IN,IN-emotionVsFact
-0.6965219208999283,BR,BR-residentialRealEstateSentiment
-0.6919611673630863,IT,IT-emotionVsFact
