Correlation,Country Code,Index
0.8759913240721098,KP,KP-sentiment
0.8711878855373857,GB,GB-tradeBalance
0.7940017008477648,JP,JP-timeUrgency
0.7763194881040797,DE,DE-sentiment
0.7469163994338828,CH,CH-uncertainty
0.7456348285794334,EG,EG-interestRates
0.7450039574671912,RU,RU-emotionVsFact
0.7387083085538109,ZA,ZA-stress
0.7282883255111451,DE,DE-socialUnrest
0.7262798039948987,IL,IL-economicVolatility
