Correlation,Country Code,Index
-0.7744961056781324,IQ,IQ-loveHate
-0.7572666983121098,AU,AU-joy
-0.7458950072991429,IL,IL-socialUnrest
-0.7407061658426399,BR,BR-sentiment
-0.7161581723377086,IL,IL-stress
-0.7089890078073819,RU,RU-governmentInstability
-0.6913585524584712,IT,IT-emotionVsFact
-0.6896499766479932,IN,IN-emotionVsFact
-0.6715163535299438,FR,FR-governmentAnger
-0.6647029943995626,US,US-fiscalPolicyLooseVsTight
