Correlation,Country Code,Index
-0.40354145973284555,IL,inflationForecast
-0.40168330274270314,FR,timeUrgency
-0.39618831352029377,CN,creditEasyVsTight
-0.3816105441867314,RU,stress
-0.37400544729143,DE,socialInequality
-0.37269135845786,CA,anger
-0.36119681159583533,DE,sentiment
-0.3600894789029671,MX,violence
-0.35555651376115077,GB,emotionVsFact
-0.3491773693400351,GB,gloom
